benign_malignant,simmetryX,simmetryY,radius,meanR,varianceR,meanG,varianceG,meanB,varianceB
0.0,0.06252441125349198,0.058834146659723016,0.1913377788879654,0.25719382950468983,0.10729226943406624,0.32371168129151323,0.15172224361081227,0.40308586324643453,0.20363495907310664
0.0,0.016694612725914357,0.02116693161143327,0.03730912764608787,0.22570535870799607,0.08857979890502447,0.18142642779086063,0.06475340222731255,0.15597114983029706,0.04684493947014835
1.0,0.035571932849684976,0.043736397081948215,0.13197181483877007,0.4501799568853692,0.25596737068923575,0.49209207666899485,0.2957362573246666,0.5645378680510467,0.36075351016468826
0.0,0.05649880110638781,0.07988114013891727,0.13587825323057712,0.4744662174484786,0.2788179312077505,0.42207592826072116,0.23044157805593735,0.31953015075246743,0.13929147197050912
1.0,0.025253010273820244,0.04083834801045298,0.13868294654338723,0.7096923069733216,0.5480337420018339,0.6019541779360177,0.41371560288865544,0.8132465083343882,0.6873484123879274
0.0,0.029784720741396424,0.036206470173886854,0.10587935813120669,0.5140155308494407,0.3180096359782202,0.5287296594038521,0.33297321829734045,0.4743091328061331,0.2676192402684342
0.0,0.018068239520994827,0.025231154379128734,0.05935390385129827,0.4022259329868351,0.21356678218367253,0.4558162882420661,0.2609449886465724,0.45065978834937503,0.24544080855022707
0.0,0.02029696970626723,0.024388852707769373,0.05391708171419347,0.33725281321935735,0.16187518523266142,0.3650084115795607,0.18291959714588432,0.36848193526657913,0.1755832377697861
0.0,0.03223037166469024,0.041431787824365254,0.13515289289865282,0.5279399683753796,0.33239258496680507,0.4343804016113312,0.24135847593447346,0.33439968788214514,0.14989539739200702
0.0,0.013925268197793668,0.017760219842298936,0.12172516763935264,0.4713204090522476,0.2758057242989205,0.4244930601248479,0.23256715510521872,0.3439060837645068,0.15686655484508447
0.0,0.009763580941043275,0.017207019857769783,0.05442683218436948,0.3946816519736567,0.20722479682067782,0.39977864051428746,0.2112647465117595,0.351519812650499,0.16255804367964397
0.0,0.03472603401697627,0.041881848828727954,0.09451184937756162,0.48383106728472225,0.2878761195815204,0.4566531790405666,0.2617243176111097,0.3690573964870741,0.17603340384232405
0.0,0.011309332961060119,0.013933138593395277,0.026451519230455967,0.3813512084374052,0.19623694951025386,0.2743837734815793,0.11796887523895624,0.28821442550303794,0.11815816452049414
0.0,0.029404879335921858,0.029179736472092117,0.14623838368669942,0.5670020006306877,0.37436435462965606,0.6066239051834785,0.41915017294285234,0.5541738685264289,0.3493692993179648
0.0,0.04922812115038559,0.06297923976413991,0.09362013574637369,0.29184534656920647,0.12968258245280317,0.3119921332764097,0.14335668850586997,0.3651456311184005,0.1729837906777065
0.0,0.05479442387907666,0.07976979692169212,0.14403156313232388,0.4188648234355597,0.22787003710367984,0.32956343653270814,0.15597978122824416,0.2638290230313232,0.10282804774003462
0.0,0.08325000651989488,0.07711006140285422,0.22417455470008912,0.5391503216297556,0.3441928904380938,0.5172810930560159,0.32111063685534635,0.45424613015847987,0.2487442309307145
0.0,0.04463903560783063,0.04556476991217169,0.2182532598013451,0.47886310870657445,0.2830537534369172,0.3944432195178433,0.20679211766497896,0.3595775478191961,0.1686862815861162
0.0,0.0021900710438428413,0.002659735518837905,0.22613271120862843,0.530209669475133,0.3347658487439646,0.36932742029261606,0.1863373962636353,0.350244986900683,0.16159853442336122
0.0,0.05251046634890489,0.07560516991951644,0.21563633423653267,0.6039278768989178,0.41624268492485345,0.5153389687958639,0.3191186707857637,0.41365001719891376,0.21259363674860415
1.0,0.14378776744992336,0.13012037178476926,0.2810825530037684,0.5335738263577938,0.3382982166980026,0.51552323758662,0.3193076715794677,0.47315054247070826,0.2665112611075003
0.0,0.09201704070408728,0.11708110435281657,0.15016838463290666,0.5018214803462681,0.30566399641998226,0.4307887663548894,0.2381469681723088,0.40115226747160215,0.20201455670669127
0.0,0.125659084668122,0.15042156104753263,0.21062580283627963,0.6699489323547476,0.4964513069049337,0.752549321484109,0.6062518580906959,0.8061483114274968,0.6766051588419144
0.0,0.04729915272048367,0.0584266695524745,0.17261359104706525,0.7152351317479564,0.5554244325162467,0.413134112573118,0.2226569979079368,0.4727609625129948,0.2661385584127615
1.0,0.16467843111385885,0.13899657492636697,0.3314843388921937,0.5882519238839233,0.39820290631665795,0.5910993465611635,0.4012141534187678,0.6544384854265737,0.46697248598327706
0.0,0.04625566272046833,0.07363146488996751,0.16646947597840667,0.5323566118517516,0.33701801306546864,0.5067716785319719,0.31040266679457584,0.4361761128125994,0.23231560828639453
0.0,0.0487556205329132,0.04431264706583275,0.21225341750393978,0.34734914775044273,0.16947328112455146,0.31065961649812274,0.1424192398228317,0.3021833391016486,0.12738431322848637
1.0,0.11000888239797131,0.1403397257362619,0.23374479839439258,0.27451814915835826,0.11825113573436134,0.17308568458242626,0.06064244372818467,0.1612194763218076,0.0491227166520986
1.0,0.15021500312187908,0.18753752950106908,0.2748355286869167,0.5443141646805072,0.34969545994156775,0.5024415468470547,0.306041906309123,0.6787781407949334,0.4980361489513903
1.0,0.05759076844248149,0.06569523290852315,0.23920574925328247,0.579913161764229,0.38876411184486553,0.5274957456940578,0.3316852034038618,0.5947937056225744,0.39500591347728137
0.0,0.03604013800699853,0.05424485272027107,0.21034216962843605,0.585161798088748,0.39469233289480854,0.5632976326913793,0.37004017947573964,0.5323512527067366,0.325981501970176
0.0,0.034045817218965685,0.056156830632902194,0.2617286871189889,0.46548527117310873,0.27025983448881064,0.6416495791418094,0.46100747868370706,0.8338785224225712,0.7190475758247539
0.0,0.09101527803132925,0.0732513352395813,0.1970764348491395,0.3596049470708365,0.17891072945798409,0.32014758143961874,0.14915501232544184,0.3229347347053501,0.14168700218550087
1.0,0.12411241219235684,0.1233003067212626,0.27993869506252544,0.437944968521355,0.24480636497023836,0.5495126768576734,0.3550335396332752,0.7300932027531192,0.5667426271970368
1.0,0.0688893627531445,0.0813625909449445,0.2514253399211738,0.4113199670820989,0.22133065551386463,0.5241990784062764,0.32825464792454795,0.7028825748973633,0.5297667669212619
0.0,0.15863748003761596,0.1612867056589311,0.3059762002297915,0.3927202517735597,0.20559078222513874,0.5109221886531231,0.3146117035882898,0.6668392237089951,0.4826774857244365
0.0,0.07738578294732999,0.05392840357657854,0.32893934988922496,0.49647531590705496,0.30032515973671947,0.5734000091154577,0.3812282750455091,0.6623380980741703,0.4769480606357981
0.0,0.058115735037608286,0.06900075908726691,0.15881056341951647,0.2562803900607434,0.10672754868161184,0.26780346781956554,0.11375565264766561,0.31270926399372434,0.1345501123208647
1.0,0.07754164678737932,0.08133289942035112,0.1953236638854568,0.39023378720189367,0.20352745951089926,0.5890714799160204,0.3988992971697856,0.7954694226917861,0.6606012170071216
0.0,0.01922494557805388,0.029493450870098407,0.08488279920914908,0.2116593801612882,0.08073455717469272,0.25448984673743946,0.10543834723451131,0.3176847244582428,0.13800093773624847
0.0,0.08031988905440048,0.11649821284369405,0.21199479557292242,0.4324845350826152,0.23990131189439695,0.4920441873516809,0.2956893638998154,0.705542214558367,0.5333266296277951
1.0,0.054148263943754014,0.05201056549461978,0.2616844261510767,0.44582372934036657,0.2519669356115839,0.37443957438518605,0.19042058928837075,0.3378544549184489,0.15241180029234436
0.0,0.14044589944634586,0.14194072399657298,0.29510089075739115,0.5454987990539775,0.3509633083192685,0.4559808580943587,0.2610984564125651,0.36847304817404386,0.17557639831506136
0.0,0.1066516734652551,0.14136408333473327,0.2025915712571589,0.46660048976511603,0.2713159581596491,0.40307255166585293,0.21404896381659555,0.35915568077382515,0.16836322262434664
1.0,0.09222843870761877,0.08541235862829845,0.27432497892160906,0.43798431132104215,0.24484184390247607,0.599334494570662,0.4106813183672251,0.7764704516470037,0.6325943878818537
0.0,0.051348237557355896,0.06478573462887352,0.19428927607327884,0.45366689536939686,0.25919155923536125,0.4348653923355249,0.24179396325962954,0.443378112768866,0.23879938638331516
0.0,0.0059593373332249245,0.013742097073314235,0.13617049551306729,0.24611968997274433,0.1005341384749062,0.2264379160298989,0.08882609440789711,0.22688003038252175,0.08147820415116581
1.0,0.16911226645353003,0.19445291998563868,0.3348292558020719,0.6361807006192837,0.454572103205162,0.6461536042550073,0.4665306001591415,0.6199755267230398,0.42467107112604446
0.0,0.12040727098677459,0.1175745306102038,0.23410894393476267,0.6468308415979234,0.46758705051918786,0.638197164868466,0.4567962234433849,0.6666472920128979,0.48243082400057685
0.0,0.07627540649626985,0.08343904427670469,0.2438919500019081,0.5683408823733558,0.3758455808368324,0.4430229000723393,0.24916845073015625,0.41898891564827145,0.21719206308332958
0.0,0.05774203000378921,0.06320466094427643,0.289316491801915,0.6284354723969117,0.44521879526822716,0.5856346922332599,0.3949912641295138,0.5882359867656547,0.38745301850215397
1.0,0.03411270367001048,0.03794576843033021,0.1735975400060431,0.5162589202290656,0.3203062733518565,0.46621336740761116,0.2707051833429409,0.39240672352338474,0.1947657790876524
0.0,0.1591084465621745,0.2233837946002837,0.29317945186895955,0.5541294685772686,0.36026839646860953,0.5629530304281817,0.369661511696189,0.5432634223549404,0.33757776652799254
1.0,0.15952786756482693,0.2025665197587329,0.2717629382891663,0.624213480855973,0.4401596196287874,0.6470968608522616,0.46769069661712603,0.5998559695939194,0.40088452412934955
0.0,0.0003105004057675757,0.0066149591370392785,0.1630498083217422,0.627804461187641,0.44446067816005796,0.4044578298226779,0.2152241824807061,0.3603208987885127,0.16925681618557495
0.0,0.11920699669096159,0.14350617056296303,0.27699728897824843,0.6194564502078445,0.4344930727636097,0.6244548941321811,0.4402184598447672,0.6205406353668476,0.4253481892540985
0.0,0.09444550978674575,0.08961839749372279,0.25947137775546747,0.5694448056945056,0.3770689480057077,0.5683608815925628,0.3756278475577348,0.5446684451652578,0.33908594274757436
0.0,0.015621054504787136,0.020478166376458058,0.25638313449472333,0.5456361178178192,0.35111036815814034,0.5459890837431683,0.3512461110596834,0.5358192358119253,0.3296460403195112
0.0,0.06873963528475066,0.07769490630175262,0.21062918318860702,0.5025538390609938,0.3063990266692486,0.44494856667296223,0.2509246435652135,0.4190689255831489,0.21726124735638092
0.0,0.024514191126499767,0.04141889545184445,0.10143203006305519,0.35889090488980824,0.17835453098686263,0.2831185055516922,0.12366728157527,0.2558010175053704,0.0979967255697896
0.0,0.02306692787155347,0.0361162235662412,0.2138157397505376,0.41757556307108207,0.2267462643429103,0.26681363640424194,0.11312759730175233,0.25714943501688337,0.09880082921056578
0.0,0.10191071272422686,0.0612196262540274,0.288620672085896,0.3499088612245093,0.1714247013548818,0.26859000299332364,0.11425543128893656,0.23995667995254769,0.08877507942798465
0.0,0.04220473697209945,0.04140951918092023,0.17579671730072272,0.43414691381600407,0.24139017668257007,0.3950403730434939,0.20729106708318873,0.37237586378400955,0.17864157952779214
0.0,0.002533094219384491,0.00738850148828767,0.10992250929448064,0.3834306838312286,0.19793274233366687,0.3489873282271275,0.1704984727511479,0.34739064527931435,0.15945959706893245
0.0,0.023848087983296795,0.022406552763206574,0.144110510178551,0.4997358509396652,0.30357598250551254,0.3701910373544611,0.1870242866022888,0.23443922950039522,0.08566192864562318
0.0,0.02208234703943079,0.020212896044893586,0.08312420837778946,0.4212785406800019,0.22998088243897577,0.3735398664838928,0.18969856458287365,0.28764789710013033,0.1177909113488032
1.0,0.0702890691277608,0.08026634860272076,0.14711997291288711,0.5377466673114802,0.34270476310807874,0.6421117305451232,0.4615731242118524,0.7086755532623157,0.5375353337648945
0.0,0.019414559462208388,0.018415386773129015,0.05859138462174566,0.47344935058255677,0.27784232493689903,0.42932438368986536,0.23684340381851698,0.43083744874324487,0.22756529840729886
0.0,0.01166094705691945,0.01743986391905465,0.0654929483914658,0.24461114152781405,0.09962833975868939,0.21608093632159553,0.08300516669388167,0.15229530662720653,0.045277187498802725
0.0,0.04431380791008988,0.037950456565792316,0.16470902845106425,0.19506601483727007,0.07186568431846103,0.32086478084878006,0.1496701380908165,0.526848983626266,0.3202094869354851
1.0,0.06568679038614653,0.0566928407874036,0.22318665922139905,0.3643619197746553,0.18263755498611436,0.5212202018127239,0.32516941197681615,0.6710103326260606,0.4880161305295807
0.0,0.06646396185631379,0.07460112757471422,0.19157197236152335,0.5781636366823097,0.3867973619636812,0.47052867330489223,0.2748059994856735,0.3691467707236856,0.1761033747263347
1.0,0.006832236201217763,0.005447613406973523,0.3451959804430299,0.6468889359490383,0.467658929500902,0.36353972892208214,0.18176436931860324,0.5235817047557199,0.3168059827636629
1.0,0.0949091126653177,0.12057767205164137,0.25208948756760324,0.6242989737324622,0.4402617376936655,0.641579811604784,0.4609223821447383,0.7722097394420151,0.6263957972323717
1.0,0.04285979464632255,0.06048124491874485,0.11725147948384035,0.5061090006077464,0.309978182899734,0.47750677340783043,0.2814992360468774,0.40357889241010775,0.2040487259347256
0.0,0.029834425351805857,0.03242783299142501,0.09055157512824513,0.4881572987040232,0.29210724906430585,0.4920998637665236,0.2957438595202767,0.48280772998501414,0.27581567240680965
0.0,0.19400629898550437,0.22193867684408786,0.2889486828255251,0.36159500014538515,0.1804658531927097,0.21217943335343362,0.08085602875706532,0.060953810582481345,0.013506197491998545
0.0,0.04571412792187172,0.0634359422937406,0.20267819486704572,0.7361872377326455,0.5837978499248839,0.687338198144889,0.5185048110332804,0.6302890141431327,0.43712303615505055
0.0,0.1494501043950228,0.22155971922756718,0.30014457625362356,0.4725016173528374,0.2769351073940774,0.3042924611472954,0.13797826701484556,0.16265169814157193,0.04975241119434166
0.0,0.08679314751377232,0.10940897066907115,0.1730970480378081,0.0,0.0,0.023383234023837,0.005442559501531427,0.04668970427842171,0.00979348298179884
0.0,0.03401298763060884,0.03709526252191215,0.15103890029112535,0.14961601498102242,0.04978554267504156,0.07033696183477882,0.01896553941151718,0.09416022631252909,0.023455863077239434
0.0,0.10622887745819214,0.13076420905489924,0.18392013689494416,0.4972979700294598,0.3011438033994789,0.2963769539448352,0.1325458723062501,0.14198836180445792,0.04099972068195382
0.0,0.29478301022779746,0.21017028480032254,0.4268343532901217,0.5619723510813265,0.36882581829528605,0.3694736859735838,0.1864534624217177,0.22856193060350247,0.08240062711445784
0.0,0.3075310155234862,0.2370485374384731,0.4365107866730542,0.6646914883084345,0.48981361677214946,0.46242829393330087,0.2671324782681803,0.38483537724743205,0.18859257440590158
0.0,0.06664682573164726,0.13448111912044328,0.2345372329094434,0.4375672571226847,0.24446611743031832,0.23175056002964337,0.09187740446503723,0.14403667656020433,0.04183571284659356
0.0,0.5444885410929798,0.7079205657954418,0.5746498336943671,0.6414135426949921,0.4609447631905618,0.6977729880366976,0.5320970522617275,0.5617972198746388,0.3577259243375444
0.0,0.06189328542872528,0.09669435661786968,0.18832978152803723,0.7679265016228138,0.6280915102880252,0.6803901933411683,0.5095494876354467,0.6707744622681657,0.487712131155639
0.0,0.08417383727262825,0.10650428007233793,0.15473059472424333,0.6024393741743198,0.41451313941415185,0.42515412574857564,0.23314992952173158,0.42999466447830453,0.22681965884603664
0.0,0.09073699357675297,0.11042160792888724,0.16569880560370998,0.4820432474901462,0.28613618262038465,0.232065897668175,0.09205953795330915,0.1609269300490469,0.04899449190094503
0.0,0.057340097660354895,0.0729262911808749,0.13432713776780358,0.6858419512054402,0.5167811721584262,0.5303407495305719,0.33465880660587777,0.3843433407719156,0.18819441294867117
0.0,0.06472890277072521,0.09472143294423112,0.13706750447450203,0.45406119957615443,0.25955722354175464,0.2709622412260889,0.11576984060257164,0.1804900130428795,0.057877810158693005
0.0,0.23660069555772714,0.24560360330091618,0.28693912164883495,0.83208116077269,0.7224496185954711,0.6218623794681596,0.43712417548801974,0.586057941191794,0.384959924484205
0.0,0.20401625524851538,0.20995150514542402,0.3425605711782993,0.41942096161676073,0.22835573096399597,0.26398211705963387,0.11133971184760798,0.24322483154567331,0.0906431730922295
0.0,0.021485278077352035,0.02727166533901275,0.07553493440723964,0.10974760888739676,0.03308596411215793,0.0,0.0,0.0,0.0
0.0,0.22610934093834328,0.19789166734709743,0.3937008724643564,0.643794657399882,0.46385859029214604,0.5509449347533063,0.356579053898013,0.4844585215023858,0.2774217002991689
0.0,0.21852171738633522,0.31799544703911037,0.3876102102576234,0.4900138279135419,0.2939323807490753,0.48499676650324564,0.28876937126695895,0.5078016346524544,0.300615565005508
0.0,0.24339672716617755,0.3556825866631141,0.37457284075821684,0.45208754915701516,0.25772869937044196,0.46524713639572335,0.2697909406502295,0.4378676459295866,0.23383044492431676
0.0,0.026934069288840547,0.03420971514498254,0.060050797620150365,0.4839671864747233,0.2880088729364565,0.30754210064087106,0.14023641766514142,0.1945411158042713,0.06464906663654146
0.0,0.10546121736409088,0.11143893332416542,0.34826340872638867,0.5316429516509851,0.33626908686594187,0.29273541223509725,0.13008008668538107,0.19489480563468525,0.06482418361861798
0.0,0.18700163074076745,0.1841640253581247,0.25948130233668476,0.32595457203646205,0.1535626992275484,0.17852273335104066,0.06330973952538942,0.13611402781120902,0.03864050000013101
0.0,0.11133802049854952,0.14168287654615686,0.1975158973036807,0.41791031003968154,0.22703793340505596,0.3127886919363727,0.1439183732824702,0.17598339630834983,0.05577498738883665
0.0,0.09062285706396093,0.11605909082207627,0.14114763968959423,0.5384758270584111,0.34347730706882207,0.5367229162688143,0.3413772830296142,0.5581236597842278,0.35368667966000156
0.0,0.08939220772845329,0.1259553541046384,0.28463252241886505,0.48506942287684,0.28908449255149465,0.3253238099159335,0.15288985987782158,0.1546223056187723,0.04626720455253469
0.0,0.17970364393089833,0.21268742286552123,0.22421608474296836,0.48087255283913033,0.28499983953784874,0.25254837824201526,0.1042490143781973,0.1363635108407145,0.03873965100516429
0.0,0.14666204393335286,0.17017580117304962,0.36568960788150295,0.7506369199979923,0.6037671337603975,0.5191029230237078,0.32298461254446736,0.46169712548032055,0.255676156665707
0.0,0.10156247363277804,0.11828947126817581,0.17892818910650074,0.6466213017795549,0.46732925770866524,0.5576134706734325,0.36381611404537273,0.45776357828082037,0.2520050167018185
0.0,0.22962916371992986,0.22966472408564756,0.5166787562136819,0.5858872256718224,0.39551580841148737,0.4727295986932769,0.27690971914784135,0.4825527476573345,0.27556868098098136
0.0,0.1947715045309434,0.22149330397518727,0.23838124302107633,0.6843674101697472,0.5148783194881009,0.6072723390668237,0.41990767330645834,0.48292897843684024,0.2759333586323152
0.0,0.22371492871837276,0.2539031657806742,0.3223583867271848,0.614869675444549,0.42906299097431283,0.5049399168418551,0.3085539697418657,0.6138213395528718,0.417322979854994
0.0,0.030308153243609352,0.038506000618052524,0.06496483911123593,0.6164723736866508,0.4309566368762845,0.3998369622052247,0.21131381379831773,0.19693716249050225,0.06583658316024249
0.0,0.09342012208311408,0.19713922160542854,0.28256164864478867,0.5982584411115088,0.4096741452536481,0.36102327167032044,0.17979246293628615,0.31609830010952294,0.13689642335866462
0.0,0.13103331896399636,0.13278792086271068,0.3518387224579498,0.6902360974763184,0.5224719985451812,0.56331867477317,0.370063463456221,0.44508848336009815,0.24035100636453033
0.0,0.2212315391093977,0.2804247294457491,0.24878666686798911,0.6190387773054407,0.433997316577298,0.41712656749571775,0.22611744532345768,0.25337016981369054,0.09655518253627078
0.0,0.07459833612282561,0.0958930761318038,0.14120468937961198,0.5813313234292373,0.3903615690776835,0.34013694804153455,0.16380951537997449,0.243072642880826,0.09055594719355915
0.0,0.11177799834624784,0.17708298742056053,0.23496292417494644,0.4265824154293113,0.23465192608665095,0.33977641190750196,0.16353974970551963,0.3207209357359252,0.14012715251469737
0.0,0.16278873546255201,0.22844815293322962,0.35321820594319475,0.606040858882495,0.4187038637025499,0.47279910876989667,0.27697557426102587,0.38851415628916647,0.19158013874363097
0.0,0.0826007783987445,0.10198843358845906,0.26903184673639075,0.6411499831308337,0.46062251244436037,0.5556844778435929,0.3617152520109131,0.47407965712329286,0.2673990603637498
0.0,0.29360452005136145,0.2791636210064411,0.366882822297122,0.6968725211007974,0.531124163816319,0.5637927389640437,0.37058478701923026,0.44773528846366667,0.24276244836599206
0.0,0.18021848551279357,0.198083880901044,0.26951562011478986,0.4659679388213089,0.2707168491678752,0.22229284322871704,0.08647596515036352,0.19233650182001893,0.0635650669245493
0.0,0.13034052260409204,0.20178555452633617,0.2753352546639839,0.5668466119827366,0.37419286283386666,0.3082568322307488,0.14073565144626995,0.2354988270198624,0.0862557814377573
0.0,0.24668643601068344,0.29694493745831957,0.39440904795095133,0.658428041583583,0.4819620713194371,0.6556362224231168,0.47826099728041604,0.789906026731858,0.6523379022248261
0.0,0.1346780169087721,0.1544138990714757,0.19453485950246202,0.4711237925119853,0.27561806276099216,0.2755356084814036,0.11871363792758244,0.10680989070266561,0.027727081148469206
0.0,0.08210710729906068,0.11431471375221564,0.16652153007385193,0.26311986387315434,0.11098788883868972,0.11738133841558203,0.03598898643628145,0.07314166669159447,0.016945787678352853
0.0,0.15539011215753293,0.2036291637968115,0.2719415141431506,0.1935154480762178,0.07105936194940776,0.18828422179361276,0.06821576109345912,0.20078359014546032,0.06776289219486017
0.0,0.2171569883301552,0.2716422890133936,0.24229569101618123,0.5765364941125739,0.38497279763339765,0.326782947150106,0.15394986506004965,0.47604633775766614,0.2692848248292182
0.0,0.04389898918617905,0.05581147132052665,0.08977697488581805,0.7004006918574202,0.5357521535840609,0.441833554112489,0.2480865819714513,0.3203550518563121,0.13986999203331799
0.0,0.13680212195731847,0.1741068027580301,0.1814857503558102,0.5826832539851121,0.39188743986459823,0.36628179873022576,0.18392422701150826,0.2309596355381751,0.08372422117496903
0.0,0.07017339852205488,0.11002467912642847,0.17392989691295027,0.3731444621215919,0.18961122958982768,0.33347946178652915,0.15885930965487083,0.2735354866696411,0.10881223811808934
0.0,0.09734893403553879,0.12614405155698838,0.1700290036311187,0.40208931478269955,0.21345173252505628,0.3523291708302186,0.1730564229988111,0.29621195441264164,0.12340092320117356
0.0,0.18447804789744895,0.20623225101214893,0.42249058389745775,0.4872948269823248,0.29126258146872513,0.4468307707810437,0.252648090142534,0.45070305181868126,0.24548158024818761
0.0,0.23717199175885287,0.23646798999708163,0.3186412980216567,0.5687036718200491,0.3762472736124347,0.34157763728689305,0.16488990367856673,0.2461184522010304,0.0923120060496563
0.0,0.13797263485060235,0.17469867986012166,0.21438906748763936,0.3120544654907947,0.1436108869133767,0.28239867730263324,0.12319345073908398,0.31562529282675944,0.1365678178832042
1.0,0.3553532939276,0.4380542987662781,0.38209560671302506,0.49281823406861036,0.2966988288011277,0.34574243397541354,0.16803171412090132,0.4137090459711062,0.21264437840818762
1.0,0.42739061534000866,0.5528722057247604,0.45612868638297127,0.43273292139486763,0.24012389317793673,0.4092511627980409,0.21931669061600753,0.492103509442004,0.28491876753771345
1.0,0.19771389473974882,0.24641621344768216,0.3125039769616167,0.4560083741927169,0.26136756920863846,0.3771345748549653,0.19258963965944106,0.3530550543385734,0.16371745894615247
1.0,0.13126742154265314,0.11131977654783676,0.412524639157068,0.5771283192524902,0.38563610510550067,0.5464860638807449,0.35177918916111794,0.4345667482674371,0.2308792191648875
1.0,0.1338404021777983,0.1947662437056898,0.2690557256784472,0.4308674152400813,0.23845756925048353,0.39684419083483446,0.20879919921122636,0.47675962488379064,0.26997014187380824
1.0,0.17658115121400442,0.2697142933046003,0.2931694606798146,0.5510261553428035,0.3569090872843356,0.21777154049535338,0.08394343635297732,0.07985616781011107,0.01894573635557105
1.0,0.19890741902674078,0.24833366085168576,0.32714976139354307,0.6012755737675716,0.4131635366305363,0.3359850080324365,0.1607144876934839,0.44513548200636704,0.24039398361627215
1.0,0.23698268469328113,0.3068099465044676,0.3644794084443374,0.6289391584460553,0.4458243708068709,0.507722987811839,0.31136510422974845,0.5939946905334136,0.3940814053742618
1.0,0.2266266370689007,0.3316269822511098,0.3305989197101671,0.27564934755319653,0.11898310375986956,0.1957727346088606,0.07208035949607136,0.26508717694622763,0.10359502862742204
1.0,0.39964838590414065,0.4724546647533865,0.3848458480449951,0.7326360278744565,0.5789403802523652,0.6188866128129662,0.4335857088476822,0.5143767543655506,0.307311307243674
1.0,0.18857959871197558,0.22255712004713138,0.33828124495562034,0.5878034105864739,0.39769264697980267,0.4404577224102799,0.2468383401301704,0.3163524670474191,0.13707314317126032
1.0,0.09560374993671866,0.10187748104918909,0.20268432279638798,0.41484150370375744,0.22437186804656564,0.2916913146416613,0.12937668107964456,0.15878449879430928,0.04806041054146265
1.0,0.33170555847885486,0.4435925494588524,0.32887357456068733,0.4249252982177314,0.23318780711085257,0.36069455109208653,0.17953541263427447,0.23410654590868882,0.08547556828650603
1.0,0.24442579669280248,0.2804973955454118,0.380570351778155,0.6386616971412198,0.4575879460567101,0.595185167002892,0.4058978902554737,0.39600149414376745,0.1977298830901486
1.0,0.09561326131278466,0.12166024066543395,0.1712942045645272,0.6009514762036977,0.4127878591204497,0.3444239172862159,0.1670339344936795,0.25291936704014767,0.09628855503196677
1.0,0.2860261010568366,0.3666723575422137,0.35925218480351206,0.29365381832813753,0.13090358696167387,0.3014635646778342,0.13602581803783811,0.2898449574654379,0.11921905375800664
1.0,0.15387136017280023,0.24867120660495778,0.3866882899312538,0.47945160545924403,0.28362319080239184,0.31046650531276854,0.14228368117344548,0.2015614273014917,0.06815535788464151
1.0,0.04348018182069215,0.056791682310063124,0.10419525994091369,0.532863499751994,0.33755132947329,0.38895416220677725,0.20223709633702078,0.34904665915604965,0.16069879551890237
1.0,0.01833056940926684,0.027356051777330755,0.09628358694863784,0.8545836275956381,0.7570761411894322,0.5470675689660839,0.3524031264524891,0.47034290086194924,0.26383493266454394
1.0,0.052598830100743885,0.08064882232083802,0.13687229329059136,0.5000429093610498,0.30388371649707036,0.30007345050185275,0.1350715811317237,0.356629744657737,0.1664327011569044
1.0,0.03451647692494143,0.030779172020582477,0.1667755394058807,0.7315124836753034,0.5774077316033909,0.46721578899664573,0.27165545231257754,0.31721204890861965,0.1376716635940629
1.0,0.07123560445561945,0.0800299884398393,0.17301255588160552,0.4561856525195625,0.2615329696899903,0.26172392153348,0.10992388759485461,0.20775861624674313,0.07131869115105112
1.0,0.061744478416079746,0.06545457528813475,0.1339118539909932,0.8026248328864458,0.6783235969143488,0.6636057455346126,0.48822946968358266,0.6589795310267104,0.47269388727521533
1.0,0.04958433752498654,0.04723687156032478,0.1294000827528567,0.5655758074714516,0.37279078806045124,0.3300108545511838,0.15630852078014001,0.30612400739727497,0.13004623608868032
1.0,0.04398213702211088,0.052409838364809606,0.13891422592011118,0.6059813258090133,0.4186350287331957,0.4251136137341863,0.23311499851919887,0.4161400740958416,0.21473289083651423
1.0,0.021556459988555668,0.02736230262461357,0.06634080070230733,0.37953277138563757,0.19476047727012955,0.07030173998003567,0.018954771832629645,0.06885766764051016,0.015709182143835234
1.0,0.024431043290567937,0.029369996636262805,0.10471380265753726,0.6877339015513417,0.5192282398867756,0.5616922495879925,0.36827825539586834,0.5992847273164803,0.4002199945346108
1.0,0.04822666529621033,0.06255965164028093,0.1060779163634809,0.8516245044686823,0.7524775300487354,0.7455770516116563,0.5965521537391846,0.5776740077764754,0.3754388846856746
1.0,0.06806187303540226,0.07688424954476251,0.16235417177752418,0.7385256371771899,0.5870075222007525,0.5729037537061392,0.38067448011112054,0.49140638058153996,0.28423037289972714
1.0,0.01600519137042054,0.02031955112665662,0.08512963986296636,0.5966206964840582,0.40778597476306155,0.2808170366344082,0.12215411575748646,0.3032560514041891,0.12810592567903023
1.0,0.04400606887156727,0.03836105909668225,0.10925459830013988,0.777955326634576,0.6424162037554629,0.5554263803514673,0.36143572252870126,0.5167547315097917,0.3097509681323528
1.0,0.02613848870370683,0.03008845339583139,0.14949081548905913,0.7314390087132637,0.5773076660361333,0.4875360113751785,0.2912536612591613,0.4343979342683168,0.23072912203913692
1.0,0.049824269656716026,0.06155678132934425,0.13509800796628316,0.4959405310281848,0.2997939359987244,0.20757013390669957,0.07834795478058292,0.14693479759464306,0.04303047390336634
1.0,0.021806823952099482,0.018575955412706333,0.10763461024019372,0.45431867832392564,0.25979654908098354,0.3382265468963392,0.1623823598902788,0.34200378276296023,0.1554600134582723
1.0,0.036777423061405135,0.0402253742987819,0.1097128774942374,0.6263995355676597,0.442775876087704,0.5099397191065085,0.3136126377382355,0.573431740104515,0.37066459471046953
1.0,0.03193674628097525,0.043111312353666685,0.08432142759505745,0.7373335749354584,0.5853706181169888,0.6346910466639901,0.4525395417071558,0.5468844115978703,0.34147038339246394
1.0,0.007280191332068218,0.007504142163019753,0.11775130537279901,0.6342475290356672,0.4522286513710819,0.4669522906671932,0.27140543249774557,0.4245288973397129,0.2220135751410345
0.0,0.027970195642869306,0.03552903459961174,0.07170487033045488,0.4087830272586887,0.2191520038563136,0.25909710703549593,0.10828508449004867,0.4162697924350682,0.2148440771654899
0.0,0.013454608491817916,0.012132113220034121,0.07200994296500536,0.6433636814059932,0.46333058879697675,0.3615519767225687,0.18020575835134203,0.5048163893525625,0.29759837426086216
0.0,0.16930065306335343,0.18378975587706614,0.2815487751932362,0.8337081488927252,0.7249268393490711,0.47185343340005914,0.27607097181155654,0.449528439351371,0.24440294590586728
0.0,0.04485994498742811,0.0645243710768608,0.11796058748142216,0.7623522543751172,0.6201986032051251,0.5658056553380855,0.3728030368221909,0.6346654381858715,0.4424609119181323
0.0,0.10400229500299915,0.1323421573158549,0.16961103888522108,0.6206259070254075,0.4358833703013051,0.3979732603312923,0.20974648931714482,0.44263691056476,0.23812728323133628
0.0,0.10164040555280271,0.1259225371564036,0.1620049464129439,0.8112823225245386,0.6911513589906337,0.4505021521157612,0.256021953231313,0.20577505958102776,0.07029894966011406
0.0,0.04478508125323118,0.057224944162353256,0.1642003936636761,0.7907608853360246,0.6609358416880746,0.6330694933109814,0.45057594667200795,0.4844498833028412,0.277413365382282
0.0,0.08037358230638597,0.07810511815468738,0.15740353755619518,0.7428813924571773,0.5930087873184616,0.4372864197526715,0.24397156063806244,0.32369873208787875,0.14222711570183297
0.0,0.020767936230825755,0.029950934755609452,0.11606444295350925,0.6339436406767781,0.4518607708171379,0.3870685147059399,0.20068280674850855,0.3447208460914884,0.1574707876971312
0.0,0.02386250845668719,0.030298638135716052,0.04641981826967782,0.6503832455453474,0.4719681354445155,0.47691528904984526,0.2809290196874382,0.5098667324797358,0.30271016281940466
0.0,0.04671067467872259,0.05059435790710694,0.1529703470206838,0.8199920647678097,0.7041753204966732,0.5496496504056048,0.35518147032639824,0.4504449976542637,0.2452439340755975
0.0,0.19349820741243015,0.22575560046615695,0.2886648664458805,0.8391300158356825,0.7332108378858968,0.4658033066685969,0.2703169286810384,0.3159118202139079,0.13676647682743526
0.0,0.10758961787279608,0.14706133995506424,0.23436062198932428,0.7449118651590311,0.5958160835823915,0.37059127454185703,0.18734290540086185,0.3382965967867098,0.15273506549186786
0.0,0.014192814001972844,0.018868963879088298,0.12425005770015807,0.6353013308550709,0.45350575285025135,0.41311344737305444,0.2226399799390385,0.3563261967336427,0.1662008396946648
0.0,0.06310491201210093,0.08026673928067593,0.12506379010006954,0.45720851539509777,0.26248559305907576,0.06750764920100054,0.018052973076106815,0.05536743522927755,0.01201207322227309
0.0,0.1274548938330999,0.10519003943112602,0.3100324565028273,0.6060303438899483,0.41869211766915054,0.46872407917274195,0.2730881335943206,0.6076241920766525,0.40998859391550246
0.0,0.051528646884027175,0.04105908105512739,0.14902277823356333,0.6213407741602489,0.4367338454409977,0.46404179300123205,0.2686529806611783,0.5850746268040832,0.3838370205074333
0.0,0.08721778443233193,0.0789024918612015,0.16903331502489552,0.47546039605298623,0.2797731200413257,0.254917872828729,0.10570164613840502,0.4596964365913699,0.2538057322802898
0.0,0.09032432258292156,0.08766969585330511,0.21543396270040144,0.4689604499611208,0.27355723124401454,0.3059374162009053,0.1391196690290788,0.3729190195991368,0.17906959276168014
0.0,0.08118726518790337,0.1179222339903104,0.23112942146389762,0.7368459561750123,0.5847015685842271,0.4944348264112282,0.2980549354319313,0.38433710723896375,0.1881905020743415
0.0,0.01906447945926293,0.02357663323895856,0.046166616558771606,0.27642806258653063,0.11948771705925862,0.14999390602610835,0.04983060476874926,0.2584837424654416,0.09959904814483327
0.0,0.018283319347519603,0.02051371807037907,0.07497840019389236,0.31160796694099535,0.1432965862622378,0.1356572738131953,0.043540176392195006,0.12470006100966631,0.03422040666656264
0.0,0.04993104252352148,0.05762812381209484,0.09618895373545314,0.5641975572145291,0.37127235328912206,0.2674231509029268,0.11351548638959703,0.2510569242725442,0.09519358523344469
0.0,0.037439844381614816,0.04385985131578382,0.08044726074418865,0.31953163506834315,0.14892684519681232,0.06261520016611219,0.016504222197210698,0.13381648556264042,0.03773400696456854
0.0,0.183028943731006,0.16341980729419184,0.37315728908015855,0.8149882191386232,0.6966784180560094,0.6006212228472991,0.4121706558623362,0.5438217243442354,0.3381770199419553
0.0,0.21187602688344423,0.19216198445648688,0.4066629417015737,0.8000229447909725,0.6744914778264179,0.4795249886922629,0.2834497520185131,0.3468840207611266,0.1590817213291282
0.0,0.09410739570852848,0.12770949812337845,0.24826086388725355,0.5161493874757636,0.3201943530948926,0.27056492034571383,0.11551609662581977,0.2546672548929739,0.09732388655459824
0.0,0.2179765007647453,0.21170096102870195,0.32338681312983963,0.8194088009418078,0.7032994558334758,0.6134746339022822,0.4271863200578782,0.5887526631957606,0.38804602758252715
0.0,0.06089520457896053,0.06034294492261256,0.16387088424567522,0.6587965604319056,0.48242294146956965,0.46020831830968917,0.26504818868528707,0.30580295348669373,0.12982820229099604
0.0,0.13052829557674991,0.11791793653280347,0.25399447429790944,0.8045947650381863,0.6812321724454526,0.48493048025046775,0.2887040021876024,0.44297368221481376,0.23843248772955572
0.0,0.28173064089799665,0.30423498810190286,0.3437823603948729,0.8351578617396587,0.7271371916413958,0.5619685846410114,0.3685806240438722,0.4326693157013822,0.22919049712160902
0.0,0.03710203712198033,0.04149820307674517,0.11639298655655943,0.7010530243701985,0.5366102222322867,0.344365365911912,0.1669901160046954,0.26467293649654944,0.10334229792504385
0.0,0.010390104487068364,0.012285258978463096,0.017756761810970814,0.2463538062758502,0.10067517686527049,0.0578544275137548,0.015032765157807023,0.08715464806831387,0.021204852376820967
0.0,0.027313297057149563,0.03262746942651992,0.052922159099138104,0.5211521171156401,0.3253439944646196,0.2916208837637935,0.1293298567289722,0.2773696970815605,0.1112193443034407
0.0,0.04505170660166204,0.043267974213692245,0.14530437402146448,0.6414809462109842,0.46102738701816054,0.3922493537236099,0.20496623549971488,0.30722564879142983,0.1307948182903096
0.0,0.010793877741999322,0.007872942152705856,0.11020302858170736,0.7869103835403471,0.6553402031548031,0.5696318015840588,0.3770362969227512,0.41732384413262175,0.21575340256269374
0.0,0.04674227699274834,0.0493813028562856,0.14930764368806812,0.4130807915284557,0.22284925887950943,0.13818968375949006,0.04462853985999089,0.10326270719582827,0.026503304052136398
0.0,0.04877740465229017,0.04778303934166076,0.2103281486596693,0.8287369043499001,0.7173714840155794,0.7020077570151864,0.537662253685581,0.652266152532517,0.4642492674860755
0.0,0.07578971267973816,0.0746179267267868,0.170589709165934,0.7671196824086775,0.6269461780044179,0.554535777962271,0.3604677006830122,0.4305180441876447,0.2272832354456283
0.0,0.09304457613779836,0.07864581644465089,0.19001962465208858,0.7165143382053716,0.5571375240107732,0.414880929007006,0.22416876971179067,0.37135468998710575,0.17783726769817718
0.0,0.04917995063289003,0.055138723881713654,0.14046910473079602,0.8507949608655162,0.7511907736535179,0.5832617336269019,0.3923034966643985,0.5622225003763163,0.358195145066936
0.0,0.011667390247157709,0.011980139495470676,0.059449810941098954,0.7772927636712113,0.6414648918542247,0.6538632467658738,0.47605768745604415,0.522087751252844,0.3152569020568664
0.0,0.031015676895486854,0.03940690398268828,0.06241512927139624,0.5812317275912591,0.3902496352794326,0.31192831192392706,0.14331213389416547,0.3425121715532994,0.15583608597165796
0.0,0.06675451905420103,0.07443743351149551,0.15718891016137948,0.6257052624767472,0.4419441714987936,0.37253418265172455,0.18889385410796927,0.3217077020709485,0.14082146602378112
0.0,0.08469450840759621,0.05830282464068372,0.21859209432921461,0.7498420250610524,0.6026601908339223,0.45641391906134754,0.26150157681455855,0.38157453069470876,0.18596315362100657
0.0,0.05520770851007362,0.07043923531822477,0.168502782881298,0.6586781645273275,0.48227478447153244,0.41125348879799556,0.22103648860631867,0.35686867811972345,0.16661419071666808
0.0,0.0,0.0,0.04660424729530288,0.4914373668022615,0.295335445749746,0.16646908745878702,0.05745944662478097,0.1490396451012655,0.04390732772291826
0.0,0.05076160042709147,0.056127529786264,0.14457989624458134,0.6302321990912122,0.4473804934556238,0.36114961661666045,0.17989166337154885,0.29339480002204227,0.12154276120580733
0.0,0.03254025843329227,0.037657838777365525,0.071929588826307,0.30389613042682007,0.13791146147400415,0.08687754002370815,0.02455501815001473,0.09995027721394857,0.025378307982329523
0.0,0.07108188834564955,0.06157397115937199,0.18084731336944707,0.5695644666009185,0.37720191925842445,0.32930248773170384,0.15578909237489755,0.32470419361072106,0.14293994975284602
0.0,0.05668780135337677,0.08119928755968094,0.12500114534413062,0.4946250030410314,0.2984877856610816,0.20228894140092385,0.07551511311880826,0.13872161024322913,0.03968069197417761
0.0,0.0314136205973451,0.04072544208140713,0.06685241619445705,0.6384173618537611,0.4572907351968168,0.21298377805841082,0.08129712390644356,0.15633809983297722,0.047003094334220744
0.0,0.05727873394380004,0.04701965461724695,0.2171423228283348,0.7618282665527303,0.6194585811257105,0.37390844284463864,0.18999419081257282,0.3415247204732042,0.1551062424717391
0.0,0.037060923431888576,0.04219829797242048,0.13243304143366538,0.836547379864694,0.7292590086488968,0.6016062377967639,0.41331208831649224,0.5377033993889668,0.3316453532274345
0.0,0.022669290988277996,0.028562855980869283,0.12129070077938393,0.5360169566891921,0.34087530421836465,0.49470272923262165,0.2983201068016122,0.7289009692126593,0.5650968059538511
0.0,0.04166105444342342,0.04596873091782363,0.18165323598984356,0.5368492337820742,0.34175490499418715,0.5091334011944804,0.3127943228603782,0.47589071642035213,0.2691355850913972
0.0,0.03634757022693837,0.03531259901244427,0.15109245306494234,0.4927100000956955,0.29659181148924174,0.47413899068183135,0.2782597825398121,0.4877544257702744,0.28064201671112454
0.0,0.0168694993180957,0.022724173940764626,0.039043856187372966,0.47444145444118285,0.27879395389324113,0.46600555990943177,0.2705085802767845,0.4243989503831859,0.22189991389879304
0.0,0.05344043347329375,0.052955615468190415,0.15188120749199144,0.27352196153003705,0.11760874845041958,0.316337854606845,0.14643431970588522,0.3326984853279108,0.1486645056126536
0.0,0.03748003761595825,0.04105126749602388,0.08164681956491476,0.5096855897112885,0.31359919553642834,0.38386635429310506,0.19805731980482386,0.2369387162681491,0.08706616399028128
0.0,0.02118152768040549,0.03709409048804662,0.11135982511289305,0.5710581409699959,0.3788599188564565,0.5200621355935772,0.3239732607409885,0.5522616234387896,0.3472883866819025
0.0,0.05505706058593145,0.046616084289550185,0.19985923080574025,0.5139441798054277,0.3179366844802683,0.5355482329239201,0.3401360735428676,0.5151979671649031,0.3081525537419076
0.0,0.032600088056933256,0.05250242904018631,0.11525773768996306,0.5444297584727165,0.3498186035739677,0.5258485753859029,0.3299684927978322,0.5400678508828761,0.33416144409749543
0.0,0.01618560069709182,0.030220111866725685,0.1344900607587941,0.5273159631670751,0.3317413591071041,0.4388666948887626,0.245397786206111,0.44653296305378853,0.2416655719415537
0.0,0.04666189052406148,0.04933520285757483,0.1818930744852684,0.5514724620719221,0.3573912078758658,0.5612766478093999,0.3678213835084858,0.5421697539624076,0.33640659991644695
0.0,0.036102728997884484,0.048571427455205846,0.17853531889733892,0.57936361956062,0.3881456334513299,0.6261508712418458,0.44224808809769434,0.6976415515993768,0.5227845254590567
0.0,0.02652385284367133,0.036047854924085417,0.05822032850888368,0.49440939981563514,0.29827379387562375,0.5290044784701206,0.33326023731454835,0.4723288999964367,0.26572636263322214
0.0,0.05640000552273449,0.07286690813168817,0.1585217014893537,1.0,1.0,0.8027698495889118,0.6783821044174337,0.6879565596117714,0.5100037420610968
0.0,0.018883456495426103,0.017472680867289432,0.09267975669805886,0.6993503708411083,0.5343723409897309,0.6051314959384942,0.4174094852196494,0.39278464720584577,0.19507618258886908
0.0,0.05591952762210996,0.05023415283243471,0.14892393206895585,0.7073704765881664,0.5449520479013037,0.35348526730307883,0.17394495287038902,0.13508222567457745,0.038232195180039744
0.0,0.02403033822146472,0.02596250351121812,0.06305359956172316,0.3099683387273367,0.1421436580604204,0.27444039652468827,0.11800597867095199,0.26671387434530297,0.1045906667630453
0.0,0.01538204282880597,0.022481953608555535,0.06694040526686035,0.3949780970479301,0.20747238984487257,0.31894990811928237,0.14829703002044936,0.22828191922562055,0.0822467899742359
0.0,0.007317623199166681,0.011009304776858426,0.03215343259354947,0.3932669272680684,0.20604544298694513,0.3516227752211533,0.17251387898654333,0.2749192076610128,0.10967779111372694
0.0,0.033368668606782836,0.03676318626001259,0.09131531827846799,0.4798062555457113,0.2839662219935373,0.4201909026994381,0.2287901941974963,0.34940604860410174,0.16096866912489075
0.0,0.03205732598400555,0.028554261065855412,0.1105985631079745,0.4925710304912314,0.29645422032193774,0.46013692686865376,0.26498025869014036,0.355857846903849,0.1658438096245611
0.0,0.017129988294871067,0.022131515482762702,0.044505048500000505,0.16957701317950777,0.05908364459735638,0.1607481129329372,0.054761735049348365,0.15944279569825448,0.048346553429799294
0.0,0.0442444669103829,0.05519185608361758,0.08565369438560154,0.5499100772347874,0.3557045486283614,0.489909419112955,0.29358433765010916,0.3653912620096266,0.1731742394763124
0.0,0.005491745813076915,0.006940393873700849,0.20444318838544911,0.5797703786717858,0.3886032898529329,0.48660958617024325,0.2903456573973463,0.44576442474125344,0.2409660643649296
0.0,0.07754778315903481,0.07672289954927485,0.27347832555346496,0.723775788744523,0.5669070469683216,0.7147890386050298,0.5546278901549059,0.5915552681065072,0.39126635894428496
0.0,0.02542728322883604,0.030204875426473824,0.08538801201425508,0.5574786070921669,0.36391091577842416,0.23306839645412178,0.09264078693992732,0.023286762646359208,0.00443276763445262
0.0,0.020010094331373275,0.02543704166150646,0.039087933983484154,0.3785846531636271,0.19399149142591007,0.2809051019769068,0.1222118968631243,0.18944822740009276,0.06215690167790876
0.0,0.007823567042161476,0.00925477008016321,0.018941404618902598,0.3953186849256233,0.20775682580504082,0.35905982864516833,0.1782604722244318,0.3070556937248763,0.13067823448436597
0.0,0.007239077641976464,0.007614313346379372,0.10384017307870172,0.7338513755629693,0.5806009027073248,0.5867249290568151,0.39623044202298857,0.3291798486820502,0.1461331387949863
0.0,0.05987472597265326,0.05306774004132592,0.1950855905001143,0.8860388387482995,0.8068106520029835,0.8659980217325267,0.7748305142820326,0.6334605888572605,0.4409888426535248
0.0,0.04369771619587912,0.06968288279700413,0.11352997800310657,0.4218753189787596,0.2305043485115897,0.46216704471747183,0.2668865392692979,0.5106982120891819,0.3035556922936255
0.0,0.0668766328501452,0.08793145008327301,0.17894374205760305,0.7968800028364543,0.6698764210801561,0.5712857093411897,0.37887322281583236,0.3695098405380878,0.17638832472090823
0.0,0.012463277650874204,0.013327978440827722,0.21515231107840496,0.5101666133976982,0.3140876185704033,0.5819666697765675,0.3908397025170766,0.569751826935868,0.3665474867411377
0.0,0.04364555703680749,0.03478283970522567,0.2139548837113631,0.5848308330645275,0.3943172279719642,0.6167007042604409,0.430994916993575,0.47149968950754834,0.2649356170598932
0.0,0.021551244072648502,0.02885977122680301,0.0526782491941367,0.4220555577013207,0.23066246460569353,0.32609164988243977,0.15344707900687984,0.296686851168882,0.12371533706130175
0.0,0.04238944175892957,0.06046600847849298,0.1430269823677617,0.6065915976697135,0.4193463997751609,0.6181483448618349,0.4327096319902479,0.5886577857158476,0.38793601166486763
0.0,0.016181612055515753,0.015867775827426607,0.09795279826710485,0.2894510166813879,0.12807510378380996,0.29071717548850123,0.12872209653243835,0.350455345749612,0.1617567297706414
0.0,0.008045396877507284,0.004733454104911877,0.16243027133484497,0.6840979771153639,0.5145309931471479,0.497515455275908,0.301115168371031,0.3500740364248528,0.16146964954570134
0.0,0.013269290067822247,0.02631137892519025,0.11659773932610354,0.5425422153881267,0.3478021604934108,0.5678182101711171,0.375026354079138,0.6380289458401801,0.4465845229415685
0.0,0.026439784551991176,0.020769221453064146,0.15451458521492922,0.46211361257057676,0.2670803354696748,0.45082170905658747,0.25631737552335904,0.48207284648760224,0.27510257300169005
0.0,0.01818697831252848,0.026816916199187937,0.06282008049343253,0.6276136346921847,0.44423164337790305,0.5650902534510011,0.37201384516245833,0.4345024782344862,0.2308218661979392
1.0,0.048932961673756735,0.07513635637330529,0.161094532606073,0.518093203006869,0.3221906785774588,0.5216433698872728,0.32560689089120415,0.5013256877517459,0.2940902864837477
1.0,0.03209199648385904,0.03666825151690483,0.15425533050859935,0.5657576328784093,0.3729904777797149,0.6558016077488311,0.478467083628202,0.7426120849396546,0.5841675104392359
1.0,0.03838239106789742,0.03459687699856191,0.18814939060802494,0.8957040166503537,0.8224042349912463,0.6938405535604798,0.5269543543284121,0.471666641060424,0.2650947610774783
1.0,0.05399516147094965,0.05870717632429083,0.19521399393260894,0.809196928876816,0.6880507150567552,0.49330663735475117,0.2969369337946709,0.3307413842758619,0.1472525805903516
1.0,0.054363343770278794,0.05895252208014133,0.19525267648658184,0.8098281468843893,0.6889885237052206,0.4948849160568706,0.29850057470329244,0.33284396494038193,0.14876882013118073
1.0,0.041496599683056405,0.039780392107836494,0.12662065049660143,0.5729969970976031,0.3810181792645491,0.5227666660557023,0.3267690682908614,0.5989550873528421,0.3998351969654199
1.0,0.04554292315268366,0.061888857591243816,0.1579345193033042,0.5647950120968382,0.3719291767160877,0.6740085219491634,0.5013911977696516,0.6834871118126651,0.5041583139198217
1.0,0.027544024631395825,0.03081550507041384,0.08231980941373752,0.3574455066734155,0.1772315113844498,0.2937195413146544,0.13074458832590063,0.27102850628019826,0.10725184119623384
1.0,0.052448488995184485,0.06624608882532125,0.16911492638822795,0.5631324204832647,0.37010036581337447,0.6296192864936743,0.44641409049312253,0.7461875204230817,0.5891915640553251
1.0,0.03358497570763871,0.049368410483764794,0.197614776772252,0.7315285796630353,0.5774295831550226,0.5628052372424275,0.36949917519474146,0.40236461120017225,0.20302975485999955
1.0,0.014700598756464284,0.026568835697651207,0.20647892647769905,0.4402041887262101,0.24684998106350947,0.5161000905654949,0.31989914883788295,0.658768188122538,0.47242707425459607
1.0,0.08222431199768045,0.07795119104034805,0.24346282842813197,0.8788133387377828,0.7952489577803745,0.7450699225940507,0.595849098099066,0.5907902760811147,0.3903864022061333
1.0,0.07315291377937597,0.07552664365052607,0.22596925535421686,0.7451538659239286,0.5961516670547096,0.5047506973806097,0.3083642002521434,0.3340801548438873,0.14966424004647794
1.0,0.051041418974581615,0.04460956231176648,0.14912204069771853,0.47306698297250654,0.2774762522248908,0.6114553695011975,0.4248097912353026,0.6458368626640804,0.45623031750391346
1.0,0.12453858320383032,0.11334544174542409,0.2590111169755228,0.8059222341145899,0.6831954333403408,0.7011203405655055,0.5364931101078193,0.5286296243689115,0.3220718994749587
1.0,0.03645557036807491,0.04088132258552234,0.20343344550649536,0.8374811853077343,0.7306866573804074,0.6219219819232641,0.4371951531288777,0.4664027819597365,0.2601013440750346
1.0,0.10466226177454664,0.11850004668601564,0.24323109944789648,0.7379630850262959,0.5862346288239544,0.5312424318207003,0.33560448948899524,0.4158815375015086,0.2145102316433739
1.0,0.09146384679934524,0.07542975551764243,0.24768806901357285,0.8626396951810356,0.7696657679398543,0.6643996830589713,0.48922789367013647,0.5710867230635132,0.36803849234873787
1.0,0.029757720706112288,0.03316230754715581,0.15554950589052827,0.4505148548031334,0.2562764014003364,0.3475421365591182,0.16939757965289057,0.30983566804462087,0.1325751818689286
1.0,0.04702117508449017,0.03466485496276253,0.15380549386932932,0.9375503859658411,0.8916100378873485,0.7822489388377195,0.6484297825469181,0.7809883931649646,0.6391998098545676
1.0,0.015291224528304781,0.01938465877992056,0.028026022401819676,0.42680334767789585,0.23484780250357054,0.2520119926786724,0.10392135380204577,0.17137674949198756,0.05366053341243046
1.0,0.04420795549903275,0.04344456064943178,0.14829656865056173,0.3446266279651757,0.1674087354792645,0.26499221044557497,0.11197595545410174,0.28993099666439653,0.11927446093402831
1.0,0.005484382167090332,0.0024999482351709392,0.1177500731261378,0.6877328004249642,0.5192266689172854,0.4724327102371097,0.2766250252637177,0.291052355488067,0.12000660139742804
1.0,0.04818309705745638,0.05094792145654118,0.17260556479178546,0.3522878084277418,0.17324781407445086,0.19648449146089833,0.07245203767948481,0.17198353813842962,0.05393686361021195
1.0,0.04470009250580271,0.0427178996528045,0.15730199377051854,0.5070032013659527,0.3108821132897247,0.41327481232635177,0.2227788981367545,0.37967295087195846,0.1844378976301692
1.0,0.043570079665445016,0.04368482759186499,0.18526848117402067,0.45447664956520956,0.2599429737806145,0.3303351149816683,0.15654521316943829,0.22822009427269327,0.08221264140826243
1.0,0.013909620450072178,0.015181354660182455,0.1591917272853968,0.8794590338418482,0.7962787287678487,0.6630194390876198,0.48749236643099103,0.6604864999629773,0.47459922387940373
1.0,0.021748221602789594,0.032432130448931944,0.11815849628640196,0.7895997042513191,0.6592459224378858,0.6481847388396148,0.46903075656695886,0.5217605608769681,0.31491556831407447
1.0,0.012031890723493558,0.015820503794850317,0.04395803922030475,0.3714305944263732,0.18824075439973367,0.21574006522384542,0.0828159512619704,0.1612963283103228,0.04915617707614853
1.0,0.03796726552540381,0.03897207941857744,0.17511853203354458,0.4683031816118861,0.2729316875501212,0.2921287595753139,0.12967088999522977,0.25041579737701514,0.09481595468458569
1.0,0.041086383237887186,0.03932447093414615,0.1779217932759106,0.8696645999696803,0.7807271761749132,0.704132958152476,0.5404647530250616,0.7260308561594128,0.5611441062358629
1.0,0.04138276998884714,0.04301090811918647,0.17909184478469523,0.38412559592140755,0.19850094580996214,0.25436853816827587,0.10536379481458094,0.23780432572721147,0.0875546155866714
1.0,0.0287111625202692,0.03241806604254561,0.153886156069693,0.3780613552488816,0.1935683496886136,0.2913654520895464,0.1291572813093819,0.26904996354790417,0.10602715575865053
1.0,0.03337633907135219,0.032212960116078236,0.16206222923070837,0.844359286839009,0.7412445851348324,0.6515522233416072,0.47319144199622293,0.4628904376169559,0.25679497248006905
1.0,0.04280211275276098,0.041139560713893644,0.17401557135986837,0.44444633356176766,0.2507079908071715,0.277347265881253,0.1198887102146115,0.23706645968404746,0.08713781588151617
1.0,0.028540264569663926,0.030572894060249572,0.07320903553023805,0.8560224941090888,0.7593172857483981,0.6589069278676839,0.4823400971784507,0.4246016455203305,0.2220771663459614
1.0,0.031820768856686575,0.03632367356043964,0.08349255021760038,0.5221194489282073,0.32634377901382045,0.39927613053437605,0.21084167255063463,0.34394748129912905,0.15689723256358787
0.0,0.01783567103525192,0.023832527299598814,0.05445446614834625,0.6799276685790381,0.509169844093737,0.47654900166188074,0.2805761465169623,0.30716814323444425,0.13075470002400616
0.0,0.02736668349055229,0.03680928625872335,0.11581757732171913,0.9661486069389775,0.9404865847333288,0.9171319508619243,0.8574241531209995,0.7947218237587824,0.6594879924030237
0.0,0.00376405037347492,0.005592945606298979,0.0,0.8341628832628042,0.7256198663944836,0.647955559151206,0.4687486110433499,0.4809057374988144,0.2739707256416491
0.0,0.030047050629668438,0.029977891534516594,0.11452816440661594,0.823045653374983,0.7087696064503329,0.6751967784817329,0.5029056119673062,0.5320855927209802,0.32570179468751503
0.0,0.018271353422791403,0.0184302325354257,0.04889495220854133,0.45935669469420165,0.2644931668570024,0.31669172266088613,0.14668521015258437,0.22734910179099435,0.08173476388429399
0.0,0.0228613594210947,0.03180704572065041,0.09409678207651605,0.8581832803891867,0.762688929135096,0.7299735185723798,0.5751183312609233,0.5646884452680073,0.3609203387324121
0.0,0.05181153361734507,0.05687606874838113,0.10679899713605477,0.6839405078778622,0.5143283084063022,0.49412430646015615,0.29774649333102904,0.3755893699185762,0.1811826353711124
0.0,0.02436691820676811,0.01888146557365393,0.09881049189925416,0.6148571897203805,0.429048657905415,0.3820616389480723,0.19658427674723572,0.2574869582183062,0.09900236758865577
0.0,0.011336332996344256,0.014348819937702493,0.021120728588152105,0.8451550555616749,0.742470776591428,0.8323933443551592,0.7227876177736106,0.7751518161150749,0.6306725136398911
0.0,0.029122299421186743,0.04056760818751604,0.08742536534875014,0.8200276466481488,0.7042288685519236,0.5544942916853106,0.3604222545017569,0.3199937849210023,0.13961630987357795
0.0,0.022045528809497877,0.02492916031977772,0.08157927912629483,0.6624874155070685,0.48704391273506537,0.46828218891155116,0.27266785477120936,0.35802300141279325,0.1674956099894512
0.0,0.008992852661114274,0.014897331786769535,0.04886673542519776,0.7081433674082787,0.5459770316237967,0.5432710978074081,0.3483372127273586,0.40620953767506157,0.20626443488007212
0.0,0.019161434131419602,0.02234990445970606,0.05327621353847176,0.6777330935955597,0.5063595083812736,0.477243499352145,0.28124563226787225,0.2857132425678306,0.11654049794987019
0.0,0.03650864998289487,0.049347704552140464,0.10594087055237583,0.9914533943589081,0.9848047032937213,0.984698879926529,0.9728619210206337,0.8911062295456725,0.8106681917493982
0.0,0.013744858871122388,0.01950342487829405,0.041530096998169286,0.6860146211495066,0.5170045244434152,0.5066289043780352,0.31025866784178086,0.38631231576105096,0.18978940959199914
0.0,0.0236225763249577,0.029993127974768455,0.05792354856132351,0.4193771726154838,0.22831808879125387,0.3252522819727411,0.1528381465151811,0.2666566697824441,0.10455538513302827
0.0,0.004002755230873313,0.005245242226192379,0.0781524344654279,0.625937480824441,0.44222222013336665,0.41548305337720093,0.22468978266126036,0.35182962921154115,0.16279142974739966
0.0,0.01867850168213288,0.023500060359744075,0.043681607994636495,0.6945281545754459,0.528060131404755,0.5860028711391174,0.3954088388598827,0.49770769452836106,0.2904749074231952
0.0,0.019613991541011674,0.028941032241479606,0.07277724131336563,0.8936431741745526,0.8190670418405954,0.6844653907203431,0.5147929159288093,0.4822088036392587,0.27523379403851295
0.0,0.017178465630949404,0.012184073388072524,0.08801253088281769,0.727806492558126,0.572366499456657,0.5847706657547235,0.39401177706872226,0.40093360956877366,0.20183231284080871
0.0,0.018526933302242383,0.0213841485545111,0.1520911556798909,0.6643882863004269,0.48943222967923794,0.4959122265752644,0.2995205794039526,0.3345955462633074,0.15003749933942692
0.0,0.01227765240829576,0.015608365665189774,0.041390411847931755,0.5394690493693884,0.3445316848812395,0.35494902558708835,0.1750734323601285,0.23251135995527464,0.08458563997051953
0.0,0.037729787942336515,0.046104296168269686,0.1183133763701308,0.5316798780194337,0.33630794402183284,0.432655515440175,0.23981405203998687,0.39691978011624984,0.19849110277603868
0.0,0.00598695100567461,0.010347886998745533,0.05415290708197842,0.6437719581520719,0.46383133644392455,0.503605405631946,0.30721114130556715,0.4040548620973581,0.2044488880193665
0.0,0.018538592408387806,0.02351959425750287,0.0386567808679152,0.629570690267762,0.44658374789367117,0.4605581460338928,0.2653752286833023,0.3405468968854786,0.15438589211122564
0.0,0.005960564607556021,0.01055103953543703,0.04801468681491535,0.5704949183240412,0.37823450661293245,0.36312261512245136,0.1814367118724099,0.24030216476553617,0.08897188189449345
0.0,0.027443694954828634,0.03726677014423439,0.08023303299693874,0.7609016417707254,0.6181519638568433,0.5623500368468948,0.3689992788289057,0.4196717638591225,0.217783593130368
0.0,0.012317232005473643,0.013338917423572648,0.052570602457090686,0.7139211278333872,0.5536683385019983,0.5383883841161415,0.34314148560019625,0.3753139623631592,0.18096436642814154
0.0,0.009708353596143905,0.010902259017140214,0.09526292036955228,0.7024119451532049,0.5383992050193862,0.47411156086147777,0.2782330946201777,0.3196058407021795,0.13934448436763347
0.0,0.015000667330417534,0.02153377821134349,0.10712207888903905,0.8438473041697102,0.7404561192876765,0.6329321130018419,0.4504097287955288,0.47042853991180583,0.2639162430622064
0.0,0.006580338144760075,0.008292920954520007,0.009410434623929795,0.7258710833663788,0.56974199946965,0.4554003057272837,0.2605581382603916,0.20939154596426657,0.0721618201467281
0.0,0.008811829697277446,0.012664997950894125,0.07564248123239418,0.7573020524689728,0.6130888346241892,0.5327425452765524,0.33717988455195674,0.33538184118212955,0.1506085911155514
0.0,0.002124718685711919,0.0027570143296767177,0.014555543178970003,0.8678918596373917,0.7779284774491783,0.7354675203866462,0.5826209222376777,0.5889250813427319,0.3882424543002965
0.0,0.022521711249963567,0.02652390773280597,0.06439065379706589,0.42294833311496555,0.23144740302936823,0.31552135193781083,0.14585340110312464,0.28535724235740634,0.11631147713851793
0.0,0.01095127567496253,0.013634269957685671,0.03991508788081371,0.7277952209790856,0.5723508506088224,0.49608657284575075,0.2996936161685136,0.33250706111904865,0.14852511025070295
0.0,0.004879029103276669,0.003517664308404303,0.08814770334595808,0.7105230278649933,0.5491385854480423,0.5127337087763756,0.3164563866200453,0.3870882047248455,0.19041963617511473
0.0,0.01704499954744259,0.014058936894961934,0.05408926320712501,0.556428231557223,0.36276696760139726,0.402654512799911,0.21369449974913132,0.24327223612946242,0.09067061251859376
0.0,0.010552104698773187,0.014187079264259647,0.03320174146260277,0.7069925813122923,0.5444514740478115,0.3973224357566524,0.20920009793932035,0.2266459109130689,0.08134994392034114
0.0,0.010223501996621927,0.011840276787517683,0.07065299793727321,0.6431510829368666,0.4630703855196327,0.40943468760215457,0.21947351413015687,0.2146513553563714,0.07491037443120853
0.0,0.03761196960655119,0.05335449766042506,0.11063949367950505,0.7138393739847876,0.5535589684818719,0.4838034551483847,0.2876045325377737,0.34785069695457327,0.1598030894338579
0.0,0.0031062313320068544,0.002656610095196497,0.10191393841948056,0.991792973600481,0.9854062656904939,1.0,1.0,0.8616288592418145,0.7627976478518993
0.0,0.003832164098850811,0.005161637143784724,0.07659695618339439,0.7367555166225026,0.5845772156268747,0.5747072721705913,0.3826869588345408,0.43639768488955877,0.2325136641243465
0.0,0.011851788215405053,0.014529313152993785,0.02419228656302415,0.8334698985856868,0.7245640372589519,0.7066478704749787,0.5437921111226913,0.452831862615335,0.2474394787011798
0.0,0.022348972387861644,0.029583306799788878,0.04802419509658497,0.9035849131271809,0.8352276910651475,0.7402597442640517,0.5892044572463789,0.6302179351364436,0.4370370317190941
0.0,0.03685075270268819,0.04284408863232633,0.1530324755651836,0.5045883994136008,0.3084452800548125,0.380348522564071,0.1951910209123634,0.312162897173052,0.13417338285917382
0.0,0.00463633560430221,0.006877104044962345,0.0176552846332218,0.6825754628372978,0.5125706306105078,0.4143629962997441,0.22371945620917202,0.1576711450835226,0.04757761698959847
0.0,0.025166487433477897,0.03398585667666672,0.09441173766232909,0.5241209470041398,0.3284177635689248,0.358016559875036,0.17744947588989313,0.23940246921196226,0.08846042203281612
0.0,0.02005581030020664,0.03368308126140535,0.1248200716928601,0.8566320845488372,0.7602676883798444,0.5407017243347955,0.3455980645234715,0.3863134980888647,0.18979001633026868
0.0,0.021683176063241445,0.02287458495350737,0.0923953741510294,0.6807042974586279,0.5101667540729207,0.5204366368239871,0.32436035230331395,0.335206161672628,0.1504811787667697
0.0,0.023558451241157873,0.030737369479378652,0.11294829097108684,0.5871640730023098,0.39696576202059586,0.41424772836052104,0.2236197985089184,0.3029825555905785,0.12792164021030844
0.0,0.008667318144790758,0.011105802231786886,0.03914099552383486,0.8169123514373321,0.6995566210660654,0.6145341956847226,0.42843525680734473,0.4476288271320011,0.24266555877555546
0.0,0.005397859326747984,0.008877375175463236,0.022260860648443077,0.7037597251200625,0.5401769110514055,0.47302184486460874,0.27718882872849165,0.30564559181213263,0.12972089956198662
0.0,0.027652945228280695,0.030068138142162238,0.09080573432811109,0.7159328608156474,0.5563589464495697,0.5968906526923996,0.40786164909574635,0.5039414763147955,0.29671774272659146
0.0,0.05658992622547177,0.07759528342318275,0.1410161223364827,0.4701062573238132,0.2746477673430532,0.35656183423350907,0.1763207822520478,0.3045505278947136,0.1289796338150849
0.0,0.01604231641893623,0.021857650236184356,0.11048439712001142,0.7104392036670126,0.5490267896832325,0.4447374042629883,0.25073159924937977,0.3150429004451835,0.1361633192184921
0.0,0.026231454734287438,0.03178516775516056,0.09646177980703825,0.6710382732392747,0.4978326087682992,0.5552513465358786,0.36124501448684565,0.4543870779170187,0.2488747849137205
0.0,0.04599916238526903,0.05983350086906311,0.11956272461676265,0.5284946141685926,0.3329723366479599,0.3957258612470906,0.20786336782263418,0.3486515070631837,0.1604027718902733
0.0,8.22273801835082e-05,0.0017361728328019461,0.08974040713354751,0.9506041979228466,0.9137607928020577,0.7840104100055466,0.6509752109687647,0.6561899719533757,0.4691755980163697
0.0,0.015058042405396325,0.014316784345378065,0.04531937204526973,0.6154146903506055,0.4297069788027827,0.3753998600142181,0.1911921270830057,0.2597093754387931,0.10033576890033905
0.0,0.013074767086343352,0.0188087994739912,0.04621608959702108,0.8859486827636555,0.8066659024836069,0.7234651323959757,0.5662916019472114,0.539821297905307,0.333899031297444
0.0,0.2967702741884265,0.2837197073197031,0.47957864008151113,0.48804949015525345,0.2920017199147274,0.43740659480906907,0.2440801306154647,0.41482538160980625,0.21360272025630075
0.0,0.25040170222949726,0.3595999145196634,0.3786457157091971,0.6009727751084689,0.4128124985551449,0.7287242717038391,0.5734187862922672,0.634027230033832,0.44168073505983735
0.0,0.07063700140062683,0.05991202713805348,0.3660432959772346,0.6036050680233124,0.4158675082154241,0.5225981833334632,0.32659473673959805,0.4100381564096548,0.20951030563756273
0.0,0.3503153327984463,0.46146606590815237,0.438387165298442,0.5205780250795499,0.32475018813938444,0.5095366918596808,0.31320308714520717,0.4503261716672729,0.24513455594287353
0.0,0.5061724228389617,0.5572196700099584,0.6594491190512507,0.5628712302294245,0.369812724152546,0.44489690073782184,0.25087755337114664,0.3478714498123105,0.15981920251427292
0.0,0.08691618176546481,0.07335447421974775,0.47137577388160534,0.456084184059349,0.26143756278755664,0.32044427483326576,0.14936827522922724,0.2318685336658587,0.0842287194289993
0.0,0.22042798124111185,0.22777188939282003,0.45271093370422627,0.6252079563506319,0.4413488622909922,0.6648837435068041,0.4898374733717872,0.6538394074339255,0.4662210108880557
0.0,0.05327536507576118,0.0591853661414262,0.4048170695070418,0.6277078887485635,0.4443447162732527,0.6073128964000356,0.41995490039461064,0.6615733863124774,0.4759762544982898
0.0,0.022866882155584634,0.017759829164343762,0.3413572656616438,0.6206846109273101,0.43595262246115146,0.6449377392692157,0.4650361272831588,0.5427620213047044,0.3370406203046307
0.0,0.03464135208813057,0.03329943550942257,0.1783528797835519,0.4796413881486162,0.28380659679785813,0.461304532967535,0.2660760286067318,0.42487574788068205,0.22231709728793891
0.0,0.22660976204684813,0.27084335259505876,0.3581443950550824,0.6323329312932761,0.4499135903029814,0.5177459938220853,0.32158855185048635,0.4426894333700703,0.23817503614617594
0.0,0.0209952888006615,0.02951376612376756,0.330242767121113,0.5595746243204953,0.36619930251854155,0.5849738723636434,0.39424135039684594,0.6425459065258675,0.4521521681878304
0.0,0.14709435131648183,0.20810633316312796,0.23369181178796047,0.7026054232362425,0.5386540032320728,0.6671428954560388,0.49268541989057046,0.5839843653757981,0.3825939365892426
0.0,0.7219551707368709,0.6907420654283999,1.0,0.7317220528010472,0.5776933359188207,0.6495125370013833,0.4706691033379269,0.5804882963091411,0.3786211214735357
1.0,0.5718269972739168,0.49255270147945834,0.6649961606566063,0.5376012877181894,0.3425510915525619,0.546977776890228,0.3523073047657923,0.5778808011282687,0.37567220726448186
0.0,0.31461361568824775,0.39299233138241785,0.49486852317364943,0.6346668183788551,0.4527362886264625,0.6539625828220734,0.4761800972992976,0.6463416765677985,0.4568568015329725
0.0,0.24643085613123245,0.25274089886402573,0.4517858161973303,0.5015801184705119,0.30542193547444335,0.5789571292595402,0.38744968831992366,0.5653279807827014,0.36162839018925935
1.0,0.28365347295624305,0.3659062380721137,0.6623317103354277,0.6298180669494775,0.4468813049506487,0.6381492547700219,0.45673783854658634,0.6298361585216218,0.436572714748385
1.0,0.004421255777777437,0.03954520397882057,0.9255310713555867,0.5191529516981785,0.3232807083534365,0.5600534315961831,0.3664816401619081,0.5303051547048073,0.32382921385941693
1.0,0.04754644849819974,0.03373738549717481,0.5905146431138704,0.612459154655948,0.42622246616000675,0.613330863130527,0.42701612832073993,0.6805950851398967,0.5003934575163249
0.0,0.26196784234433945,0.30372866947199484,0.4083017631530581,0.5527393998299964,0.35876173065673755,0.557480599072535,0.36367127202509053,0.46709976844246565,0.2607600998843623
0.0,0.151265856767881,0.16571386824698503,0.43022839354662934,0.5100550221470822,0.3139742539031212,0.5538529543072357,0.3597262964210507,0.4432866996437113,0.23871581900648456
1.0,0.0415634861341012,0.052386788365454226,0.29648643556405074,0.5833880252426293,0.39268412034105554,0.4894481168182771,0.2931309766984682,0.3770392416004298,0.18233590782618733
1.0,0.5743395346482555,0.5673311968458224,0.8792083882593753,0.5027469400857799,0.306592738952885,0.5275339456796616,0.33172435770641395,0.5491736996485919,0.3439407239070942
1.0,0.0035446750867913065,0.03709916930146391,0.6474113347218339,0.630238826520608,0.44738799667985785,0.6087624967251599,0.42165075417308895,0.539443150790411,0.3334955151157951
1.0,0.26986964812510833,0.34219872771817117,0.9732465928265335,0.6532344374129914,0.47549838873551453,0.564892321860556,0.3717955593524654,0.4573608622403725,0.25163075817306685
1.0,0.8734370277870249,0.665473015287619,0.9990715520967223,0.5672065584623601,0.37459057920587363,0.5235511514880643,0.32758191995584673,0.546758955945041,0.34133420817842586
0.0,0.16421145323087638,0.2724185661103282,0.34387854224237513,0.5208703418925397,0.32505198417411857,0.5402691487107372,0.34513796165465915,0.46251388310376085,0.2564414607404048
1.0,0.3859271520638919,0.32754400694156593,0.7102473886289119,0.5545982335011181,0.36077713410232265,0.5119634430819688,0.3156707645403979,0.3956838186001273,0.197467065871168
1.0,0.6358026604239312,0.6626300518078037,0.8980473082556234,0.598755526323754,0.4102477468448466,0.6423441262408899,0.4618570427083818,0.7220144274458582,0.5556359409244899
1.0,0.7810146797350929,0.7393025539008607,0.7258445007872578,0.5710125019831582,0.37880916921847174,0.5919193112577387,0.4021520120749842,0.5309134596656686,0.32446836698853143
0.0,0.30891936961053984,0.20878884755082036,0.5874029871665631,0.5325295206549129,0.3371996784909023,0.5471849508184813,0.35252889389206055,0.530886219521681,0.32443959479225215
0.0,0.7500557642774193,0.611656736284176,0.8290618772536038,0.5516287532341896,0.3575601643237984,0.5093015222318024,0.312964467903993,0.41983879255816775,0.21792835965884558
0.0,0.12600732375957083,0.14681130606375162,0.20326244630427934,0.6367257489949982,0.45523373753897045,0.6530398339109084,0.475035151569769,0.48678095105553765,0.27968889944450775
1.0,0.21238289118218734,0.25410709967327605,0.35554755178045133,0.6119285862889844,0.4255984661421765,0.679234070504568,0.5080668500977933,0.6104690514797056,0.41334771343807614
1.0,0.07199958272672742,0.1336778852446015,0.3395346396338559,0.6116003081907543,0.4252126933978609,0.59139124995202,0.4015480298682511,0.7066860971992055,0.5348607865907791
1.0,0.3604897438218243,0.3969561499156331,0.59597236348827,0.7364630022619721,0.5841759171958928,0.7445113140332545,0.5950750516203931,0.6847963139988563,0.5058671990044932
1.0,0.43900860779533973,0.34629889285774285,0.7104940377849372,0.7288034409613403,0.573720091013856,0.778336635722864,0.6427944372612359,0.707472102962554,0.5359163693479422
1.0,0.2133831197620315,0.279130022702296,0.4400415397010287,0.6023431732916927,0.4144016779585644,0.525040274653015,0.3291281809001528,0.6108658045173699,0.41381794029388463
1.0,0.5335418676967589,0.6114082651046842,0.8526378864551892,0.7335075271348382,0.5801306080274379,0.7964127478538344,0.6690326212780432,0.6874139331633752,0.5092924413697922
0.0,0.1256412891903211,0.22970887069458243,0.35495987003494467,0.5403479527398081,0.3454653060557171,0.4516625705743763,0.25709335423359725,0.3538304484980108,0.16430448197939998
1.0,0.4741571310007962,0.4733325181186669,0.7266914205871124,0.6961084302167825,0.5301245738871364,0.5557523679353036,0.3617894822465833,0.7104718582809473,0.5399557841808162
0.0,0.35523424831748357,0.2749431270566753,0.5518809127519116,0.7486078164689163,0.6009431435428378,0.7166953180236602,0.5571805707839708,0.7178554181761753,0.5499608844357459
0.0,0.31001716649970623,0.36980832948841114,0.6786074906684271,0.5406227125212963,0.3457574805168653,0.4305174363584188,0.23790537600946415,0.2545393166387091,0.09724739500232804
1.0,0.39692107552186007,0.26656464762997173,0.526151202818238,0.6818979898247843,0.5116993318803824,0.6869417040231541,0.5179921294450269,0.4779117154667441,0.27107928296655515
0.0,0.19495958432218405,0.25180405312751375,0.3619178673713519,0.4788008527273435,0.2829934435495594,0.4426152943614707,0.24879747799316682,0.264509203530002,0.10324234455807609
0.0,0.24547296851581113,0.18879394980491496,0.6058629080545791,0.5662150322856782,0.37349510428408156,0.6020396309644442,0.4138143218611199,0.5325352376090231,0.32617518920815863
0.0,0.24513485443759386,0.24824575831177118,0.496131542697428,0.4799231120213033,0.2840794414852473,0.26892703038145993,0.11447009693750745,0.21596348643124547,0.07560316054052432
0.0,0.3789832338985443,0.5874831471297086,0.6937420773772889,0.5922193063886317,0.40273226456486017,0.3340259200650436,0.15926310310596334,0.22722555349599025,0.08166742345089524
0.0,0.3667408656272676,0.46371988703156247,0.6450359628065828,0.8395992158181659,0.7339298686700965,0.7906982491095287,0.6606822635164754,0.694953948306688,0.5192222700430332
0.0,1.0,1.0,0.8486731827786852,0.6149100937358536,0.42911109506617373,0.5632288300860137,0.3699654322004672,0.4639856849114673,0.25782455598843235
0.0,0.2602634651170283,0.3688042871436089,0.4766437615741422,0.5624748863410431,0.36937759962109334,0.4084710803672501,0.21864820118755168,0.31941373833293285,0.13921029539796742
1.0,0.8357271830525688,0.934897816227434,0.916505297513738,0.7007954072480582,0.5362711680146609,0.769487875946448,0.6301375089872403,0.6629473279891176,0.4777200403639022
1.0,0.5529125521016306,0.6814122851808428,0.6029731231142177,0.9406135403014516,0.8967839371578523,0.6848210209171494,0.5152523659534016,1.0,1.0
0.0,0.28231543711676443,0.30880435746564083,0.6276690114030982,0.6985065698338873,0.5332652093145747,0.6096596916001631,0.42270188771801764,0.493595306032932,0.28639193724552986
0.0,0.23746592396115063,0.3076354490237544,0.30730183120554516,0.4145604943967107,0.22412835309242146,0.4021606350932012,0.21327635317031884,0.34819555415390707,0.16006161646610534
1.0,0.5230198312190976,0.6658851805303297,0.43685251864577573,0.7915423446823743,0.6620742894810067,0.8187628060720212,0.702184234208475,0.7573870628603577,0.6050656105068131
0.0,0.5814206007201033,0.5746044483373333,0.856930500959431,0.6502355015725635,0.47178536173248925,0.6567582834774157,0.47965861673517507,0.5404000024006739,0.3345161529663364
1.0,0.4489344957666706,0.4729258223673287,0.5094193580047349,0.8321397091379442,0.7225386787120659,0.7450373951591572,0.595803760536798,0.6906550152866888,0.5135497989088759
0.0,0.3802479400967399,0.6261211968966106,0.4837237180260456,0.6537187466309443,0.47609927472223756,0.6630138424255543,0.4874853457101955,0.6095461389063356,0.412256362822033
0.0,0.21918199097646549,0.27663437192463197,0.631768462917204,0.7094131227397583,0.5476625490853819,0.6671846193148366,0.4927382909428169,0.5868635084524815,0.3858811505542811
0.0,0.2072050207792885,0.2673284230323407,0.5992867073593646,0.7864219795982826,0.6546318923209778,0.8480841623419849,0.7468667523127323,0.8079635379500748,0.6793445820274873
1.0,0.44383333000946534,0.5825750599788331,0.42256528468829824,0.8571177102526025,0.7610254408275713,0.803840057941752,0.6799628844209746,0.6279768805181629,0.43431692055980237
0.0,0.1588470371296508,0.20801374248775126,0.20561738623772893,0.6853523187227241,0.5161491401568686,0.6157707289962067,0.42989564284805587,0.5375713330346251,0.33150457551945045
1.0,0.6579052574898251,0.6143117836675518,0.992172769207981,0.8616754649885694,0.7681535991110808,0.6674685127585835,0.4930968099390874,0.5847899036452456,0.38351234763677655
1.0,0.15388762155768726,0.1899714531618153,0.4698397950703864,0.6903934864864905,0.5226764427963604,0.6312517085085956,0.448380689257464,0.46859667176438846,0.26217713546319843
0.0,0.36973357408364793,0.4198655052071511,0.45759439383053735,0.8384926616488861,0.7322345709697072,0.6857617973397234,0.5164666695603845,0.6473306055254032,0.45808715878062256
0.0,0.22547146510475555,0.28701116909206054,0.272549577914513,0.8135439724039026,0.6945217847597025,0.831261901218266,0.7210664118213596,0.8164105925819138,0.6921638581817501
1.0,0.22212100618086034,0.2784232862813827,0.309338868152384,0.7288097043336357,0.5737286074418725,0.6340615457518785,0.45177595333446957,0.46952099921325846,0.2630537859526754
1.0,0.2737576532060241,0.3392920837316621,0.3081299342658435,0.673338476683868,0.5007539218507139,0.6199749583689613,0.4348782170667933,0.48976218382361,0.2826121423295235
1.0,0.13970063710878713,0.13782024360333217,0.5565463984350434,0.856213200448473,0.7596144827342468,0.7531226014814483,0.6070529712557783,0.7120149429407118,0.542038881941029
0.0,0.05012096322625876,0.0718265327370546,0.16426555286888317,0.7156195497142905,0.5559387865080949,0.6995792707245705,0.5344667517487866,0.6263435594010983,0.43233820391282446
0.0,0.22405703143816608,0.3599312094256526,0.403125328057053,0.7938961744014211,0.6655094553460813,0.6575706995980697,0.4806715521920568,0.5963822464068419,0.3968457161068354
0.0,0.0754825872783811,0.09602746934838433,0.13981291673171867,0.5521937383965304,0.35817147560191714,0.4233175031360203,0.2315324564709277,0.31902646684149527,0.13893865813853076
1.0,0.5284440769439642,0.5511098574689616,0.8683861320013346,0.6980693842329315,0.5326919523276555,0.6571303557277276,0.4801224341191204,0.4387115372227968,0.23458855226234374
0.0,0.10404064732584593,0.12854906504905156,0.32090393601938877,0.6144280402204814,0.4285419929166016,0.5805347963042536,0.389225635511104,0.4056047835341111,0.2057544150398184
0.0,0.30397959042787387,0.4568615355284486,0.43936576897122726,0.6375587764489605,0.45624597534813166,0.5999015438212759,0.41133711011004304,0.44689272856771606,0.2419932796819368
0.0,0.24384161411120026,0.36950242864950833,0.47581112917476487,0.5254867895737008,0.3298363828860018,0.44779744907231295,0.2535332884130785,0.30403658409633544,0.1286323616995793
0.0,0.35766179694439376,0.5199318032561445,0.5355555095128256,0.5296049047858277,0.33413249107853177,0.517193198482496,0.32102036320177474,0.3427787199524621,0.1560320229456219
0.0,0.10515623969281324,0.10355192676507323,0.4089977160849324,0.5364220995199104,0.34130288397104935,0.45492758825741303,0.26011856852284154,0.33625716947020684,0.15124552102615826
0.0,0.35503911169883917,0.4452654324629159,0.47557510398319697,0.5502362727065035,0.35605632521815256,0.5151803279052345,0.3189561265161438,0.45026183348236654,0.2450751240870566
0.0,0.06103296612262618,0.0845958417019807,0.1346680537934116,0.5933083916028759,0.4039797646323892,0.43181710087394604,0.239064411514827,0.3344012912838786,0.14989632847062248
0.0,0.010686491238028322,0.011380448834275584,0.11562549671040721,0.6774873450681159,0.5060448097395259,0.6501213963105107,0.47142147449819294,0.5114219611473299,0.30429307376210785
1.0,0.4853830093073417,0.3597413399394371,0.5485230739040726,0.6497840554951064,0.4712275702267596,0.604013387964739,0.41610769076978976,0.4991015954580423,0.2918648604635728
0.0,0.007078304704602739,0.005868764242653203,0.11059276821827045,0.48289746633666364,0.28696688714521773,0.33299084016187086,0.1584984923858485,0.25459948795649123,0.09728296654586184
0.0,0.007013872802220139,0.006797796420061625,0.15693744858258268,0.5480133057355585,0.353661992546469,0.47872913798687844,0.2826795321186897,0.3634954089057644,0.17170452796662514
1.0,0.022153835769217197,0.020039044354840285,0.2234603845000072,0.7585489034469047,0.614840085425021,0.7044059922011913,0.5408254515812682,0.5998947709363244,0.4009293144403824
1.0,0.5008764272816948,0.6542058630603446,0.4133822828332716,0.5463401391653214,0.3518652080102553,0.42547450267626863,0.23343331085721303,0.40728045747279357,0.20717013920739405
0.0,0.017634091226369216,0.023965748482313812,0.2252061116753427,0.4457454775164904,0.25189498561193374,0.3416210591632704,0.16492248605761728,0.3118272456162445,0.13394246120804887
0.0,0.006717486051260181,0.012225094573366,0.08663792642827181,0.4916616406468308,0.29555612449635915,0.21973249975646783,0.08503777212976639,0.2171697146575353,0.07624253502596248
0.0,0.05898587253835616,0.0676521387859995,0.22594749121386276,0.5131357243157729,0.3171111690129485,0.4783010439627504,0.2822663970640337,0.407222367115015,0.20712106761369797
0.0,0.03140257512836522,0.04126770308319135,0.2164306004695934,0.47193672031833267,0.2763945247950025,0.37100899828958417,0.18767555186849513,0.27954529701942815,0.1125951957241887
1.0,0.029166174478523467,0.041355605623105945,0.13248922522062387,0.5345776263914123,0.3393556566012715,0.4462158144895961,0.25208337544152853,0.34946730034469725,0.1610141936247682
0.0,0.014630644119591748,0.020324239262118734,0.09284943206771319,0.6099906877848086,0.423323176891711,0.5507843578760688,0.35640570133592353,0.45312736439536333,0.24771168348275804
0.0,0.007125554766349978,0.011657830182450512,0.07603983915068031,0.3897208279755011,0.20310329772870905,0.3042136254373371,0.13792343422010758,0.28621334952930466,0.11686317154644332
0.0,0.030382710159223503,0.028603486488207583,0.13725244138557527,0.4817149291346722,0.2858171452524371,0.47523727606427796,0.27931394932363046,0.45517975936700994,0.24960774927183743
0.0,0.28787621711096556,0.3833058621617852,0.3313804971330137,0.6459605309031199,0.4665167834016637,0.597801072656041,0.40891048442086547,0.5869353458398947,0.38596303380217745
0.0,0.02371646281128663,0.027581082279512104,0.19409939352357886,0.5622825305012331,0.36916618624930475,0.4592463769509261,0.26414640293908337,0.38721816784703444,0.19052536480672388
0.0,0.013274505983729411,0.021764278204897305,0.17565041298767667,0.41174509202887316,0.2216966784005632,0.3401547126536171,0.16382317212015593,0.3491071695923029,0.16074480474521616
0.0,0.020247878733023344,0.015741586847904776,0.25206877250210935,0.6812883114101643,0.5109158605569868,0.6114170000908307,0.4247648132624589,0.5373966454955583,0.3313190912858397
0.0,0.019158979582757408,0.03085418218797626,0.14243993339756753,0.5114809965038527,0.3154244266569229,0.5995184676999394,0.4108940114439964,0.719285221629568,0.5519082727160732
0.0,0.017094090520686476,0.025376877256409365,0.20603090490445702,0.6531077942281555,0.4753412171718039,0.5990334558910133,0.4103333684893714,0.5912775801054247,0.39094658749139927
0.0,0.032532587968722916,0.0440161224978542,0.1963626976005872,0.6272347609543005,0.4437769437778464,0.6171978549521084,0.43158344144750477,0.5227354153407572,0.31592646840113997
0.0,0.007526566654035969,0.015794719049808705,0.10749053729272336,0.6960281654778978,0.5300195038400957,0.6945452581616823,0.5278743767583837,0.5978267354375596,0.3985227144138284
0.0,0.024880532514332265,0.028352280563029443,0.25873229619045074,0.48766456716914675,0.2916238765881584,0.37347467115793465,0.18964650912419917,0.35127945839149277,0.1623770785152341
1.0,0.01661238534573085,0.010857721730250154,0.13458514357549028,0.3590799553747636,0.1785018191568655,0.286404139140375,0.12584186082835383,0.25631838663276857,0.09830497367285312
0.0,0.025318055813368393,0.02631997384020412,0.1266948850319485,0.42222523975180454,0.2308114504973448,0.3096360768267841,0.14170083501432051,0.26537696713682346,0.1037718588884938
1.0,0.05966179387620791,0.05075961468214637,0.21933572188529227,0.6962539596729863,0.5303148021528905,0.7058355403873265,0.5427159359545691,0.6207582181030608,0.42560924838390746
0.0,0.011947208794647857,0.025357734036605743,0.23735894454776374,0.5350131503667511,0.3398149868764826,0.39562176805828836,0.20777611767677714,0.39665930266838234,0.19827491776004919
0.0,0.010013638086004317,0.01667999529623742,0.0882130124190023,0.49769191166912213,0.3015360105916113,0.4412320621130455,0.24754049217721688,0.41140059682184443,0.2106708077382232
1.0,0.023335087312898194,0.023837996790971275,0.1569384310495153,0.756747108024812,0.6123097880828084,0.7704812871540618,0.6315521850769396,0.6797860054995387,0.49934265759665136
0.0,0.021788108018550252,0.015791593626167298,0.10719611360060322,0.5210610331477442,0.32524895303525636,0.3724997584863218,0.1888659820255233,0.3343623166463945,0.1498680248428095
0.0,0.02290676857134529,0.041416160706158216,0.14293406430871355,0.5227364637785867,0.32698196324571616,0.5028631664175807,0.3064645207260242,0.4837406986619698,0.27672261777169854
0.0,0.021915744548984355,0.025943750969369676,0.11976466320136425,0.3637487287087939,0.18215503809119968,0.26670820741607043,0.1130606809938044,0.2527360638457954,0.09618047497447577
0.0,0.015819872946424875,0.028188586499810715,0.17102164492465263,0.32908184379154104,0.15584349076632473,0.24765821379565484,0.10127874241007367,0.21989559715102802,0.07769660235297537
0.0,0.012571277792010751,0.021213422288099207,0.08413516685142249,0.6421686608716781,0.4618676370986408,0.7043096485676761,0.5406980822407662,0.6874601440399336,0.509352739487198
0.0,0.0112857079301865,0.01898186980813415,0.19897327876029258,0.45412096954401415,0.2596125138134649,0.29535526222832276,0.1318517532326032,0.24589861570612528,0.09218482017159006
0.0,0.014434280226616206,0.02148924092445343,0.06357881972309194,0.609180535499052,0.4223736604839793,0.5516935081641956,0.357387819495298,0.5176432490266498,0.31066398932615086
0.0,0.0072203617084272325,0.0155884410894758,0.0964481917898011,0.5310802647220424,0.3356783256121939,0.3540323219575842,0.17436676990527364,0.27047056422900406,0.10690608141236799
0.0,0.025453669626954625,0.049095717271051977,0.12532068022496845,0.4856791670074505,0.2896800876107438,0.3373041893898631,0.161694724862155,0.2975949619442173,0.12431826245063837
0.0,0.011848413210994536,0.01822161050736174,0.20187863330373818,0.5217447890821443,0.3259556705212205,0.5674287912731898,0.3745956420579803,0.5329442192417656,0.3266066626948367
0.0,0.02222992677774522,0.019953095204701576,0.14580646457996269,0.5067673415925785,0.31064331672405815,0.38524422135333114,0.1991851359535049,0.4311568907843748,0.22784852471574446
0.0,0.02107690254367946,0.02364343916929365,0.09340927169946926,0.690215927605343,0.5224458609700237,0.5926909010732323,0.403036026518976,0.5653110628421761,0.361610377758389
